Lead_ID,Restaurant_Name,City,Area,Business_Type,Outlet_Count,Public_Phone,Public_Email,Website,Social_Profile,Current_POS,Pain_Point,Decision_Maker_Status,Lead_Source,Lead_Score,Temperature,Pipeline_Stage,First_Contact_Date,Last_Contact_Date,Next_Follow_Up,Demo_Date,Trial_Start,Trial_End,Quoted_Plan,Quoted_Price,Outcome,Lost_Reason,BDE_Owner,Notes,Source_URL,Research_Date,Fit_Signals,Research_Confidence
PLN-001,Hotel Cappal,Palanpur,"NH14, Near Aroma Circle, Ahmedabad Road",Hotel Restaurant,UNKNOWN,"02742 250 777","",https://www.hotelcappal.com,"","",UNKNOWN,UNKNOWN,Google public search / official website result,34,COLD,NEW LEAD,"","","","","","","","","","",UNASSIGNED,"Public result describes hotel with dining; phone and official website were displayed. Outlet count not independently confirmed.",https://www.google.com/search?q=Hotel+Cappal+Palanpur,2026-09-07,"Hotel dining, accommodation, visible public business presence",HIGH
PLN-002,Hotel Lajwanti,Palanpur,"Aroma Circle / Highway",Hotel Restaurant,UNKNOWN,"","","","","",UNKNOWN,UNKNOWN,Google public search / hotel website result,34,COLD,NEW LEAD,"","","","","","","","","","",UNASSIGNED,"Public result identifies hotel and its Sankalp Restaurant; outlet count not independently confirmed.",https://www.google.com/search?q=Hotel+Lajwanti+Palanpur+Sankalp+Restaurant,2026-09-07,"Hotel restaurant, dining operation",MEDIUM
PLN-003,Hotel Guptaji,Palanpur,"Near Railway Station, Bank Colony",Hotel Restaurant,UNKNOWN,"+91 98255 91916 / +91 99798 91916","","","","",UNKNOWN,UNKNOWN,Google public local result,35,COLD,NEW LEAD,"","","","","","","","","","",UNASSIGNED,"Public result describes pure vegetarian Punjabi dining near the railway station. Outlet count not independently confirmed.",https://www.google.com/search?q=Hotel+Guptaji+Palanpur,2026-09-07,"Dine-in, public phone, high review count",HIGH
PLN-004,Madhvi Restro,Palanpur,"Ground Floor, Sankalp Plaza, Gathaman Gate Road",Restaurant,UNKNOWN,"+91 82600 60045","","","","",UNKNOWN,UNKNOWN,Google public local result / Tripadvisor result,36,COLD,NEW LEAD,"","","","","","","","","","",UNASSIGNED,"Public result identifies a vegetarian restaurant with public address and phone. Outlet count not independently confirmed.",https://www.google.com/search?q=Madhvi+Restro+Palanpur,2026-09-07,"Dine-in, menu complexity signal, public phone",HIGH
PLN-005,Kanha Garden Restaurant,Palanpur,"Ambaji Highway / Delhigate",Restaurant,UNKNOWN,"+91 89805 48980","","","","",UNKNOWN,UNKNOWN,Google public local result,36,COLD,NEW LEAD,"","","","","","","","","","",UNASSIGNED,"Public result identifies dine-in restaurant on Ambaji Highway. Outlet count not independently confirmed.",https://www.google.com/search?q=Kanha+Garden+Restaurant+Palanpur,2026-09-07,"Dine-in, takeaway/delivery signal, public phone",HIGH
PLN-006,Maa Annpurna Hotel,Palanpur,"NH 27, Bihari Bag",Restaurant,UNKNOWN,"+91 99095 12201","","","","",UNKNOWN,UNKNOWN,Google public local result,34,COLD,NEW LEAD,"","","","","","","","","","",UNASSIGNED,"Public result identifies Gujarati restaurant on NH 27 with public phone. Outlet count not independently confirmed.",https://www.google.com/search?q=Maa+Annpurna+Hotel+Palanpur,2026-09-07,"Dine-in, highway location, public phone",HIGH
PLN-007,Agashi Rooftop Restaurant and Cafe,Palanpur,"",Cafe,UNKNOWN,"","","","","",UNKNOWN,UNKNOWN,Google public search / Tripadvisor result,34,COLD,NEW LEAD,"","","","","","","","","","",UNASSIGNED,"Public result identifies a restaurant and cafe in Palanpur; no contact detail captured. Outlet count not independently confirmed.",https://www.google.com/search?q=Agashi+Rooftop+Restaurant+and+Cafe+Palanpur,2026-09-07,"Cafe/restaurant, dine-in, public listing",MEDIUM
PLN-008,Food Way Dhaba,Palanpur,"Gathaman Patiya, Palanpur-Ahmedabad Highway",Restaurant,UNKNOWN,"","","","","",UNKNOWN,UNKNOWN,Google public local result / Justdial result,35,COLD,NEW LEAD,"","","","","","","","","","",UNASSIGNED,"Public result identifies dine-in, takeaway, and delivery service. Outlet count not independently confirmed.",https://www.google.com/search?q=Food+Way+Dhaba+Palanpur,2026-09-07,"Dine-in, takeaway, delivery, highway location",HIGH
PLN-009,Bansiwala Dhaba and Bansiwala Kathiyawadi,Palanpur,"",Restaurant,UNKNOWN,"","","","","",UNKNOWN,UNKNOWN,Google public Justdial result,31,COLD,NEW LEAD,"","","","","","","","","","",UNASSIGNED,"Named in public Palanpur restaurant directory results; details require BDE discovery. Outlet count not independently confirmed.",https://www.google.com/search?q=Bansiwala+Dhaba+Palanpur,2026-09-07,"Dhaba/Kathiyawadi operation, public directory presence",MEDIUM
PLN-010,Kargil Kathiyawadi Restaurant,Palanpur,"Near Tanu Motors, Delhigate",Restaurant,UNKNOWN,"","","","","",UNKNOWN,UNKNOWN,Google public Justdial result,31,COLD,NEW LEAD,"","","","","","","","","","",UNASSIGNED,"Named in public Kathiyawadi restaurant results; no public phone captured in research pass. Outlet count not independently confirmed.",https://www.google.com/search?q=Kargil+Kathiyawadi+Restaurant+Palanpur,2026-09-07,"Kathiyawadi menu, dine-in signal",MEDIUM
PLN-011,Agam Parlour and Nasta House,Palanpur,"",Cafe,UNKNOWN,"","","","","",UNKNOWN,UNKNOWN,Google public Zomato result,29,COLD,NEW LEAD,"","","","","","","","","","",UNASSIGNED,"Public Zomato search snippet identifies Gujarati/North Indian/street food, coffee, and tea. Outlet count not independently confirmed.",https://www.google.com/search?q=Agam+Parlour+Nasta+House+Palanpur,2026-09-07,"Cafe/nasta, menu variety, public listing",MEDIUM
PLN-012,Grewmore Cafe,Palanpur,"",Cafe,UNKNOWN,"","","","","",UNKNOWN,UNKNOWN,Google public Zomato result,28,COLD,NEW LEAD,"","","","","","","","","","",UNASSIGNED,"Public Zomato search snippet identifies a Palanpur cafe; details require BDE discovery. Outlet count not independently confirmed.",https://www.google.com/search?q=Grewmore+Cafe+Palanpur,2026-09-07,"Cafe, public listing",MEDIUM
PLN-013,Chaat Di Hatti,Palanpur,"",Cafe,UNKNOWN,"","","","","",UNKNOWN,UNKNOWN,Google public Tripadvisor result,28,COLD,NEW LEAD,"","","","","","","","","","",UNASSIGNED,"Public Tripadvisor cafe list identifies Chaat Di Hatti in Palanpur. Outlet count not independently confirmed.",https://www.google.com/search?q=Chaat+Di+Hatti+Palanpur,2026-09-07,"Cafe/quick service, public listing",MEDIUM
PLN-014,Khana E Laziz,Palanpur,"",Restaurant,UNKNOWN,"","","","","",UNKNOWN,UNKNOWN,Google public Tripadvisor result,29,COLD,NEW LEAD,"","","","","","","","","","",UNASSIGNED,"Public Tripadvisor cafe/restaurant list identifies Khana E Laziz in Palanpur. Outlet count not independently confirmed.",https://www.google.com/search?q=Khana+E+Laziz+Palanpur,2026-09-07,"Restaurant/cafe, public listing",MEDIUM
PLN-015,Khopchu Couples Cafe,Palanpur,"Guru Aashirwad Complex, College Road",Cafe,UNKNOWN,"","","","","",UNKNOWN,UNKNOWN,Google public District/Zomato result,31,COLD,NEW LEAD,"","","","","","","","","","",UNASSIGNED,"Public result displays address and indicative price for a cafe on College Road. Outlet count not independently confirmed.",https://www.google.com/search?q=Khopchu+Couples+Cafe+Palanpur,2026-09-07,"Cafe, public address, dine-in",HIGH
PLN-016,Kutchhi King,Palanpur,"Palanpur Junction/Rabarivas area",QSR,UNKNOWN,"","","","","",UNKNOWN,UNKNOWN,Google public Zomato result,29,COLD,NEW LEAD,"","","","","","","","","","",UNASSIGNED,"Public Zomato result identifies pizza/quick-service menu presence. Outlet count not independently confirmed.",https://www.google.com/search?q=Kutchhi+King+Palanpur,2026-09-07,"QSR/takeaway signal, menu variety",MEDIUM
PLN-017,Gamdu Garden Restaurant,Palanpur,"Abu Highway, near Surmandir Theatre",Restaurant,UNKNOWN,"","","","","",UNKNOWN,UNKNOWN,Google public local result,35,COLD,NEW LEAD,"","","","","","","","","","",UNASSIGNED,"Public local result identifies Punjabi/vegetarian/family restaurant with high review volume. Outlet count not independently confirmed.",https://www.google.com/search?q=Gamdu+Garden+Restaurant+Palanpur,2026-09-07,"Family dining, menu complexity, public listing",HIGH
PLN-018,Ramadhani Garden Restaurant,Palanpur,"Ahmedabad-Palanpur Highway, near Nil Madhav Party Plot",Restaurant,UNKNOWN,"","","","","",UNKNOWN,UNKNOWN,Google public local result,34,COLD,NEW LEAD,"","","","","","","","","","",UNASSIGNED,"Public local result identifies dine-in, kerbside pickup, and delivery. Outlet count not independently confirmed.",https://www.google.com/search?q=Ramadhani+Garden+Restaurant+Palanpur,2026-09-07,"Dine-in, pickup, delivery, highway location",HIGH
PLN-019,NH14 Restaurant,Palanpur,"",Restaurant,UNKNOWN,"","","","","",UNKNOWN,UNKNOWN,Google public Tripadvisor result,30,COLD,NEW LEAD,"","","","","","","","","","",UNASSIGNED,"Public Tripadvisor result identifies NH14 Restaurant in Palanpur; details require BDE discovery. Outlet count not independently confirmed.",https://www.google.com/search?q=NH14+Restaurant+Palanpur,2026-09-07,"Restaurant, public review listing",MEDIUM
PLN-020,Rajwadu Garden Restaurant,Palanpur,"",Restaurant,UNKNOWN,"","","","","",UNKNOWN,UNKNOWN,Google public TasteOfCity result,30,COLD,NEW LEAD,"","","","","","","","","","",UNASSIGNED,"Public TasteOfCity result identifies Rajwadu Garden Restaurant in Palanpur. Outlet count not independently confirmed.",https://www.google.com/search?q=Rajwadu+Garden+Restaurant+Palanpur,2026-09-07,"Gujarati thali/garden restaurant signal",MEDIUM
